flight_id,departure_city,arrival_city,actual_departure,flight_duration_minute,model,all_seats,eco_seats,com_seats,bus_seats,actual_tickets_count,flight_tickets_amount,actual_tickets_eco,eco_tickets_amount,actual_tickets_com,com_tickets_amount,actual_tickets_bus,bus_tickets_amount,filled_seats,fill_eco_seats,fill_com_seats,fill_bus_seats
136119,Anapa,Moscow,2017-01-03T10:08:00Z,101.0,Boeing 737-300,130,118,,12,113,1653000.00,102,1250400.00,,,11,402600.00,0.86923076923076923077,0.86440677966101694915,,0.91666666666666666667
136120,Anapa,Moscow,2017-02-24T10:07:00Z,99.0,Boeing 737-300,130,118,,12,109,1605400.00,98,1202800.00,,,11,402600.00,0.83846153846153846154,0.83050847457627118644,,0.91666666666666666667
136122,Anapa,Moscow,2017-01-08T10:08:00Z,100.0,Boeing 737-300,130,118,,12,97,1431000.00,87,1065000.00,,,10,366000.00,0.74615384615384615385,0.73728813559322033898,,0.83333333333333333333
136130,Anapa,Moscow,2017-02-13T10:07:00Z,99.0,Boeing 737-300,130,118,,12,107,1556600.00,97,1190600.00,,,10,366000.00,0.82307692307692307692,0.82203389830508474576,,0.83333333333333333333
136131,Anapa,Moscow,2017-01-28T10:07:00Z,99.0,Boeing 737-300,130,118,,12,124,1812800.00,112,1373600.00,,,12,439200.00,0.95384615384615384615,0.94915254237288135593,,1.00000000000000000000
136132,Anapa,Moscow,2017-02-15T10:09:00Z,99.0,Boeing 737-300,130,118,,12,116,1714000.00,104,1274800.00,,,12,439200.00,0.89230769230769230769,0.88135593220338983051,,1.00000000000000000000
136135,Anapa,Moscow,2017-02-01T10:08:00Z,100.0,Boeing 737-300,130,118,,12,115,1678600.00,104,1276000.00,,,11,402600.00,0.88461538461538461538,0.88135593220338983051,,0.91666666666666666667
136141,Anapa,Moscow,2016-12-12T10:08:00Z,102.0,Boeing 737-300,130,118,,12,109,1603000.00,98,1200400.00,,,11,402600.00,0.83846153846153846154,0.83050847457627118644,,0.91666666666666666667
136143,Anapa,Moscow,2016-12-14T10:06:00Z,100.0,Boeing 737-300,130,118,,12,105,1554200.00,94,1151600.00,,,11,402600.00,0.80769230769230769231,0.79661016949152542373,,0.91666666666666666667
136146,Anapa,Moscow,2017-02-09T10:08:00Z,100.0,Boeing 737-300,130,118,,12,109,1604200.00,98,1201600.00,,,11,402600.00,0.83846153846153846154,0.83050847457627118644,,0.91666666666666666667
136159,Anapa,Moscow,2017-01-04T10:07:00Z,98.0,Boeing 737-300,130,118,,12,115,1700600.00,103,1261400.00,,,12,439200.00,0.88461538461538461538,0.87288135593220338983,,1.00000000000000000000
136164,Anapa,Moscow,2017-01-07T10:07:00Z,99.0,Boeing 737-300,130,118,,12,120,1738400.00,109,1335800.00,,,11,402600.00,0.92307692307692307692,0.92372881355932203390,,0.91666666666666666667
136165,Anapa,Moscow,2017-02-22T10:11:00Z,101.0,Boeing 737-300,130,118,,12,110,1567600.00,101,1238200.00,,,9,329400.00,0.84615384615384615385,0.85593220338983050847,,0.75000000000000000000
136172,Anapa,Moscow,2017-01-15T10:05:00Z,99.0,Boeing 737-300,130,118,,12,110,1617600.00,99,1215000.00,,,11,402600.00,0.84615384615384615385,0.83898305084745762712,,0.91666666666666666667
136178,Anapa,Moscow,2017-01-29T10:10:00Z,99.0,Boeing 737-300,130,118,,12,99,1434600.00,90,1105200.00,,,9,329400.00,0.76153846153846153846,0.76271186440677966102,,0.75000000000000000000
136181,Anapa,Moscow,2017-01-31T10:05:00Z,99.0,Boeing 737-300,130,118,,12,118,1689600.00,108,1323600.00,,,10,366000.00,0.90769230769230769231,0.91525423728813559322,,0.83333333333333333333
136185,Anapa,Moscow,2017-01-14T10:06:00Z,103.0,Boeing 737-300,130,118,,12,104,1520000.00,94,1154000.00,,,10,366000.00,0.80000000000000000000,0.79661016949152542373,,0.83333333333333333333
136187,Anapa,Moscow,2016-12-01T10:09:00Z,100.0,Boeing 737-300,130,118,,12,129,1873800.00,117,1434600.00,,,12,439200.00,0.99230769230769230769,0.99152542372881355932,,1.00000000000000000000
136202,Anapa,Moscow,2017-01-05T10:07:00Z,102.0,Boeing 737-300,130,118,,12,100,1495600.00,89,1093000.00,,,11,402600.00,0.76923076923076923077,0.75423728813559322034,,0.91666666666666666667
136204,Anapa,Moscow,2017-02-23T10:06:00Z,100.0,Boeing 737-300,130,118,,12,107,1457800.00,101,1238200.00,,,6,219600.00,0.82307692307692307692,0.85593220338983050847,,0.50000000000000000000
136207,Anapa,Moscow,2016-12-27T10:07:00Z,101.0,Boeing 737-300,130,118,,12,110,1567600.00,101,1238200.00,,,9,329400.00,0.84615384615384615385,0.85593220338983050847,,0.75000000000000000000
136209,Anapa,Moscow,2017-01-06T10:09:00Z,100.0,Boeing 737-300,130,118,,12,112,1615200.00,102,1249200.00,,,10,366000.00,0.86153846153846153846,0.86440677966101694915,,0.83333333333333333333
136210,Anapa,Moscow,2016-12-21T10:08:00Z,100.0,Boeing 737-300,130,118,,12,118,1711600.00,107,1309000.00,,,11,402600.00,0.90769230769230769231,0.90677966101694915254,,0.91666666666666666667
136215,Anapa,Moscow,2017-02-28T10:09:00Z,100.0,Boeing 737-300,130,118,,12,114,1664000.00,103,1261400.00,,,11,402600.00,0.87692307692307692308,0.87288135593220338983,,0.91666666666666666667
136223,Anapa,Moscow,2016-12-13T10:06:00Z,101.0,Boeing 737-300,130,118,,12,121,1751800.00,110,1349200.00,,,11,402600.00,0.93076923076923076923,0.93220338983050847458,,0.91666666666666666667
136226,Anapa,Moscow,2017-01-30T10:08:00Z,100.0,Boeing 737-300,130,118,,12,130,1886000.00,118,1446800.00,,,12,439200.00,1.00000000000000000000,1.00000000000000000000,,1.00000000000000000000
136244,Anapa,Moscow,2016-12-22T10:08:00Z,99.0,Boeing 737-300,130,118,,12,117,1703000.00,106,1300400.00,,,11,402600.00,0.90000000000000000000,0.89830508474576271186,,0.91666666666666666667
136249,Anapa,Moscow,2017-02-14T10:08:00Z,98.0,Boeing 737-300,130,118,,12,123,1800600.00,111,1361400.00,,,12,439200.00,0.94615384615384615385,0.94067796610169491525,,1.00000000000000000000
136250,Anapa,Moscow,2017-02-08T10:06:00Z,101.0,Boeing 737-300,130,118,,12,99,1407800.00,91,1115000.00,,,8,292800.00,0.76153846153846153846,0.77118644067796610169,,0.66666666666666666667
136252,Anapa,Moscow,2016-12-20T10:05:00Z,101.0,Boeing 737-300,130,118,,12,102,1517600.00,91,1115000.00,,,11,402600.00,0.78461538461538461538,0.77118644067796610169,,0.91666666666666666667
136253,Anapa,Moscow,2016-12-24T10:08:00Z,98.0,Boeing 737-300,130,118,,12,93,1407800.00,82,1005200.00,,,11,402600.00,0.71538461538461538462,0.69491525423728813559,,0.91666666666666666667
136257,Anapa,Moscow,2016-12-18T10:09:00Z,100.0,Boeing 737-300,130,118,,12,111,1628600.00,100,1226000.00,,,11,402600.00,0.85384615384615384615,0.84745762711864406780,,0.91666666666666666667
136262,Anapa,Moscow,2016-12-28T10:10:00Z,99.0,Boeing 737-300,130,118,,12,128,1861600.00,116,1422400.00,,,12,439200.00,0.98461538461538461538,0.98305084745762711864,,1.00000000000000000000
136264,Anapa,Moscow,2017-02-18T10:07:00Z,100.0,Boeing 737-300,130,118,,12,116,1690800.00,105,1288200.00,,,11,402600.00,0.89230769230769230769,0.88983050847457627119,,0.91666666666666666667
136266,Anapa,Moscow,2017-02-27T10:08:00Z,100.0,Boeing 737-300,130,118,,12,108,1566400.00,98,1200400.00,,,10,366000.00,0.83076923076923076923,0.83050847457627118644,,0.83333333333333333333
136268,Anapa,Moscow,2017-02-16T10:08:00Z,101.0,Boeing 737-300,130,118,,12,115,1676200.00,104,1273600.00,,,11,402600.00,0.88461538461538461538,0.88135593220338983051,,0.91666666666666666667
136269,Anapa,Moscow,2017-02-11T10:13:00Z,100.0,Boeing 737-300,130,118,,12,109,1605400.00,98,1202800.00,,,11,402600.00,0.83846153846153846154,0.83050847457627118644,,0.91666666666666666667
136270,Anapa,Moscow,2017-02-12T10:12:00Z,99.0,Boeing 737-300,130,118,,12,111,1628600.00,100,1226000.00,,,11,402600.00,0.85384615384615384615,0.84745762711864406780,,0.91666666666666666667
136273,Anapa,Moscow,2016-12-09T10:06:00Z,99.0,Boeing 737-300,130,118,,12,129,1873800.00,117,1434600.00,,,12,439200.00,0.99230769230769230769,0.99152542372881355932,,1.00000000000000000000
136275,Anapa,Moscow,2017-01-13T10:08:00Z,98.0,Boeing 737-300,130,118,,12,125,1825000.00,113,1385800.00,,,12,439200.00,0.96153846153846153846,0.95762711864406779661,,1.00000000000000000000
136282,Anapa,Moscow,2017-01-16T10:07:00Z,101.0,Boeing 737-300,130,118,,12,106,1518800.00,97,1189400.00,,,9,329400.00,0.81538461538461538462,0.82203389830508474576,,0.75000000000000000000
136284,Anapa,Moscow,2017-02-07T10:07:00Z,101.0,Boeing 737-300,130,118,,12,117,1677400.00,107,1311400.00,,,10,366000.00,0.90000000000000000000,0.90677966101694915254,,0.83333333333333333333
136293,Anapa,Moscow,2017-01-23T10:09:00Z,99.0,Boeing 737-300,130,118,,12,114,1689600.00,102,1250400.00,,,12,439200.00,0.87692307692307692308,0.86440677966101694915,,1.00000000000000000000
136296,Anapa,Moscow,2016-12-29T10:07:00Z,99.0,Boeing 737-300,130,118,,12,117,1678600.00,107,1312600.00,,,10,366000.00,0.90000000000000000000,0.90677966101694915254,,0.83333333333333333333
136306,Anapa,Moscow,2016-12-04T10:10:00Z,100.0,Boeing 737-300,130,118,,12,102,1443200.00,94,1150400.00,,,8,292800.00,0.78461538461538461538,0.79661016949152542373,,0.66666666666666666667
136310,Anapa,Moscow,2017-01-22T10:07:00Z,100.0,Boeing 737-300,130,118,,12,117,1654200.00,108,1324800.00,,,9,329400.00,0.90000000000000000000,0.91525423728813559322,,0.75000000000000000000
136316,Anapa,Moscow,2017-01-12T10:07:00Z,100.0,Boeing 737-300,130,118,,12,130,1886000.00,118,1446800.00,,,12,439200.00,1.00000000000000000000,1.00000000000000000000,,1.00000000000000000000
136318,Anapa,Moscow,2016-12-17T10:07:00Z,102.0,Boeing 737-300,130,118,,12,104,1544400.00,93,1141800.00,,,11,402600.00,0.80000000000000000000,0.78813559322033898305,,0.91666666666666666667
136320,Anapa,Moscow,2017-02-19T10:05:00Z,100.0,Boeing 737-300,130,118,,12,106,1544400.00,96,1178400.00,,,10,366000.00,0.81538461538461538462,0.81355932203389830508,,0.83333333333333333333
136322,Anapa,Moscow,2017-02-06T10:11:00Z,101.0,Boeing 737-300,130,118,,12,108,1567600.00,98,1201600.00,,,10,366000.00,0.83076923076923076923,0.83050847457627118644,,0.83333333333333333333
136324,Anapa,Moscow,2016-12-05T10:09:00Z,101.0,Boeing 737-300,130,118,,12,118,1666400.00,109,1337000.00,,,9,329400.00,0.90769230769230769231,0.92372881355932203390,,0.75000000000000000000
136327,Anapa,Moscow,2016-12-30T10:12:00Z,100.0,Boeing 737-300,130,118,,12,108,1543200.00,99,1213800.00,,,9,329400.00,0.83076923076923076923,0.83898305084745762712,,0.75000000000000000000
136338,Anapa,Moscow,2016-12-19T10:06:00Z,100.0,Boeing 737-300,130,118,,12,128,1861600.00,116,1422400.00,,,12,439200.00,0.98461538461538461538,0.98305084745762711864,,1.00000000000000000000
136345,Anapa,Moscow,2017-01-24T13:32:00Z,100.0,Boeing 737-300,130,118,,12,108,1517600.00,100,1224800.00,,,8,292800.00,0.83076923076923076923,0.84745762711864406780,,0.66666666666666666667
136348,Anapa,Moscow,2017-02-10T10:05:00Z,100.0,Boeing 737-300,130,118,,12,120,1762800.00,108,1323600.00,,,12,439200.00,0.92307692307692307692,0.91525423728813559322,,1.00000000000000000000
136351,Anapa,Moscow,2017-02-26T10:13:00Z,100.0,Boeing 737-300,130,118,,12,105,1555400.00,94,1152800.00,,,11,402600.00,0.80769230769230769231,0.79661016949152542373,,0.91666666666666666667
136352,Anapa,Moscow,2016-12-10T10:10:00Z,100.0,Boeing 737-300,130,118,,12,92,1372400.00,82,1006400.00,,,10,366000.00,0.70769230769230769231,0.69491525423728813559,,0.83333333333333333333
136360,Anapa,Moscow,2017-02-05T10:08:00Z,100.0,Boeing 737-300,130,118,,12,97,1455400.00,86,1052800.00,,,11,402600.00,0.74615384615384615385,0.72881355932203389831,,0.91666666666666666667
136366,Anapa,Moscow,2017-01-11T10:08:00Z,99.0,Boeing 737-300,130,118,,12,103,1527400.00,92,1124800.00,,,11,402600.00,0.79230769230769230769,0.77966101694915254237,,0.91666666666666666667
136368,Anapa,Moscow,2016-12-31T10:07:00Z,100.0,Boeing 737-300,130,118,,12,130,1886000.00,118,1446800.00,,,12,439200.00,1.00000000000000000000,1.00000000000000000000,,1.00000000000000000000
136383,Anapa,Moscow,2017-01-25T10:09:00Z,102.0,Boeing 737-300,130,118,,12,106,1493200.00,98,1200400.00,,,8,292800.00,0.81538461538461538462,0.83050847457627118644,,0.66666666666666666667
136385,Anapa,Moscow,2016-12-16T10:10:00Z,100.0,Boeing 737-300,130,118,,12,128,1861600.00,116,1422400.00,,,12,439200.00,0.98461538461538461538,0.98305084745762711864,,1.00000000000000000000
136387,Anapa,Moscow,2017-01-19T10:08:00Z,99.0,Boeing 737-300,130,118,,12,121,1775000.00,109,1335800.00,,,12,439200.00,0.93076923076923076923,0.92372881355932203390,,1.00000000000000000000
136389,Anapa,Moscow,2017-01-18T10:10:00Z,100.0,Boeing 737-300,130,118,,12,129,1873800.00,117,1434600.00,,,12,439200.00,0.99230769230769230769,0.99152542372881355932,,1.00000000000000000000
136390,Anapa,Moscow,2016-12-26T10:06:00Z,101.0,Boeing 737-300,130,118,,12,125,1823800.00,113,1384600.00,,,12,439200.00,0.96153846153846153846,0.95762711864406779661,,1.00000000000000000000
136391,Anapa,Moscow,2016-12-03T10:08:00Z,100.0,Boeing 737-300,130,118,,12,107,1556600.00,97,1190600.00,,,10,366000.00,0.82307692307692307692,0.82203389830508474576,,0.83333333333333333333
136397,Anapa,Moscow,2016-12-25T10:06:00Z,101.0,Boeing 737-300,130,118,,12,104,1444400.00,97,1188200.00,,,7,256200.00,0.80000000000000000000,0.82203389830508474576,,0.58333333333333333333
136403,Anapa,Moscow,2017-02-20T10:06:00Z,100.0,Boeing 737-300,130,118,,12,129,1873800.00,117,1434600.00,,,12,439200.00,0.99230769230769230769,0.99152542372881355932,,1.00000000000000000000
136411,Anapa,Moscow,2017-02-04T10:06:00Z,100.0,Boeing 737-300,130,118,,12,110,1590800.00,100,1224800.00,,,10,366000.00,0.84615384615384615385,0.84745762711864406780,,0.83333333333333333333
136418,Anapa,Moscow,2016-12-07T10:07:00Z,100.0,Boeing 737-300,130,118,,12,97,1407800.00,88,1078400.00,,,9,329400.00,0.74615384615384615385,0.74576271186440677966,,0.75000000000000000000
136420,Anapa,Moscow,2017-01-01T10:09:00Z,98.0,Boeing 737-300,130,118,,12,104,1542000.00,93,1139400.00,,,11,402600.00,0.80000000000000000000,0.78813559322033898305,,0.91666666666666666667
136423,Anapa,Moscow,2017-01-10T10:12:00Z,100.0,Boeing 737-300,130,118,,12,129,1849400.00,118,1446800.00,,,11,402600.00,0.99230769230769230769,1.00000000000000000000,,0.91666666666666666667
136428,Anapa,Moscow,2017-01-21T10:08:00Z,99.0,Boeing 737-300,130,118,,12,115,1678600.00,104,1276000.00,,,11,402600.00,0.88461538461538461538,0.88135593220338983051,,0.91666666666666666667
136436,Anapa,Moscow,2017-01-26T10:08:00Z,99.0,Boeing 737-300,130,118,,12,124,1811600.00,112,1372400.00,,,12,439200.00,0.95384615384615384615,0.94915254237288135593,,1.00000000000000000000
136439,Anapa,Moscow,2017-02-25T10:08:00Z,100.0,Boeing 737-300,130,118,,12,117,1701800.00,106,1299200.00,,,11,402600.00,0.90000000000000000000,0.89830508474576271186,,0.91666666666666666667
136441,Anapa,Moscow,2017-02-03T10:07:00Z,100.0,Boeing 737-300,130,118,,12,128,1837200.00,117,1434600.00,,,11,402600.00,0.98461538461538461538,0.99152542372881355932,,0.91666666666666666667
136447,Anapa,Moscow,2016-12-11T10:07:00Z,100.0,Boeing 737-300,130,118,,12,116,1642000.00,107,1312600.00,,,9,329400.00,0.89230769230769230769,0.90677966101694915254,,0.75000000000000000000
136450,Anapa,Moscow,2016-12-06T10:06:00Z,102.0,Boeing 737-300,130,118,,12,107,1554200.00,97,1188200.00,,,10,366000.00,0.82307692307692307692,0.82203389830508474576,,0.83333333333333333333
136452,Anapa,Moscow,2017-02-17T10:08:00Z,100.0,Boeing 737-300,130,118,,12,109,1603000.00,98,1200400.00,,,11,402600.00,0.83846153846153846154,0.83050847457627118644,,0.91666666666666666667
136458,Anapa,Moscow,2017-01-02T10:07:00Z,99.0,Boeing 737-300,130,118,,12,110,1568800.00,101,1239400.00,,,9,329400.00,0.84615384615384615385,0.85593220338983050847,,0.75000000000000000000
136463,Anapa,Moscow,2017-01-20T10:06:00Z,99.0,Boeing 737-300,130,118,,12,122,1788400.00,110,1349200.00,,,12,439200.00,0.93846153846153846154,0.93220338983050847458,,1.00000000000000000000
136464,Anapa,Moscow,2017-01-09T10:07:00Z,100.0,Boeing 737-300,130,118,,12,100,1398000.00,93,1141800.00,,,7,256200.00,0.76923076923076923077,0.78813559322033898305,,0.58333333333333333333
136465,Anapa,Moscow,2016-12-15T10:05:00Z,102.0,Boeing 737-300,130,118,,12,130,1886000.00,118,1446800.00,,,12,439200.00,1.00000000000000000000,1.00000000000000000000,,1.00000000000000000000
136471,Anapa,Moscow,2017-01-17T10:11:00Z,100.0,Boeing 737-300,130,118,,12,120,1762800.00,108,1323600.00,,,12,439200.00,0.92307692307692307692,0.91525423728813559322,,1.00000000000000000000
136474,Anapa,Moscow,2016-12-02T10:06:00Z,98.0,Boeing 737-300,130,118,,12,130,1886000.00,118,1446800.00,,,12,439200.00,1.00000000000000000000,1.00000000000000000000,,1.00000000000000000000
136479,Anapa,Moscow,2017-02-21T10:08:00Z,99.0,Boeing 737-300,130,118,,12,122,1738400.00,112,1372400.00,,,10,366000.00,0.93846153846153846154,0.94915254237288135593,,0.83333333333333333333
136485,Anapa,Moscow,2017-01-27T10:07:00Z,100.0,Boeing 737-300,130,118,,12,106,1520000.00,97,1190600.00,,,9,329400.00,0.81538461538461538462,0.82203389830508474576,,0.75000000000000000000
136486,Anapa,Moscow,2017-02-02T10:07:00Z,101.0,Boeing 737-300,130,118,,12,107,1505400.00,99,1212600.00,,,8,292800.00,0.82307692307692307692,0.83898305084745762712,,0.66666666666666666667
136491,Anapa,Moscow,2016-12-08T10:08:00Z,101.0,Boeing 737-300,130,118,,12,103,1505400.00,93,1139400.00,,,10,366000.00,0.79230769230769230769,0.78813559322033898305,,0.83333333333333333333
136492,Anapa,Moscow,2016-12-23T10:08:00Z,100.0,Boeing 737-300,130,118,,12,118,1690800.00,108,1324800.00,,,10,366000.00,0.90769230769230769231,0.91525423728813559322,,0.83333333333333333333
136511,Anapa,Novokuznetsk,2017-02-21T06:15:00Z,310.0,Boeing 737-300,130,118,,12,,,,,,,,,,,,
136513,Anapa,Novokuznetsk,2017-02-28T06:13:00Z,310.0,Boeing 737-300,130,118,,12,,,,,,,,,,,,
136514,Anapa,Novokuznetsk,2017-02-07T06:14:00Z,299.0,Boeing 737-300,130,118,,12,,,,,,,,,,,,
136518,Anapa,Novokuznetsk,2016-12-20T06:13:00Z,304.0,Boeing 737-300,130,118,,12,,,,,,,,,,,,
136523,Anapa,Novokuznetsk,2017-01-10T06:14:00Z,312.0,Boeing 737-300,130,118,,12,,,,,,,,,,,,
136533,Anapa,Novokuznetsk,2016-12-13T06:13:00Z,303.0,Boeing 737-300,130,118,,12,,,,,,,,,,,,
136534,Anapa,Novokuznetsk,2016-12-06T06:13:00Z,304.0,Boeing 737-300,130,118,,12,,,,,,,,,,,,
136540,Anapa,Novokuznetsk,2017-01-17T06:14:00Z,307.0,Boeing 737-300,130,118,,12,,,,,,,,,,,,
136544,Anapa,Novokuznetsk,2017-01-31T06:10:00Z,304.0,Boeing 737-300,130,118,,12,,,,,,,,,,,,
136546,Anapa,Novokuznetsk,2017-01-03T06:13:00Z,302.0,Boeing 737-300,130,118,,12,,,,,,,,,,,,
136560,Anapa,Novokuznetsk,2017-01-24T06:13:00Z,305.0,Boeing 737-300,130,118,,12,,,,,,,,,,,,
136564,Anapa,Novokuznetsk,2016-12-27T06:16:00Z,305.0,Boeing 737-300,130,118,,12,,,,,,,,,,,,
136567,Anapa,Novokuznetsk,2017-02-14T06:12:00Z,311.0,Boeing 737-300,130,118,,12,,,,,,,,,,,,
136571,Anapa,Belgorod,2017-01-25T09:28:00Z,50.0,Sukhoi Superjet-100,97,85,,12,95,752700.00,83,525900.00,,,12,226800.00,0.97938144329896907216,0.97647058823529411765,,1.00000000000000000000
136586,Anapa,Belgorod,2017-01-10T09:28:00Z,50.0,Sukhoi Superjet-100,97,85,,12,96,759000.00,84,532200.00,,,12,226800.00,0.98969072164948453608,0.98823529411764705882,,1.00000000000000000000
136592,Anapa,Belgorod,2016-12-25T09:28:00Z,50.0,Sukhoi Superjet-100,97,85,,12,89,677100.00,80,507000.00,,,9,170100.00,0.91752577319587628866,0.94117647058823529412,,0.75000000000000000000
136600,Anapa,Belgorod,2017-02-08T09:26:00Z,50.0,Sukhoi Superjet-100,97,85,,12,97,765300.00,85,538500.00,,,12,226800.00,1.00000000000000000000,1.00000000000000000000,,1.00000000000000000000
136605,Anapa,Belgorod,2017-02-15T09:28:00Z,51.0,Sukhoi Superjet-100,97,85,,12,97,765300.00,85,538500.00,,,12,226800.00,1.00000000000000000000,1.00000000000000000000,,1.00000000000000000000
136609,Anapa,Belgorod,2017-01-08T09:28:00Z,50.0,Sukhoi Superjet-100,97,85,,12,81,639300.00,71,450300.00,,,10,189000.00,0.83505154639175257732,0.83529411764705882353,,0.83333333333333333333
136612,Anapa,Belgorod,2017-02-21T09:27:00Z,50.0,Sukhoi Superjet-100,97,85,,12,94,746400.00,82,519600.00,,,12,226800.00,0.96907216494845360825,0.96470588235294117647,,1.00000000000000000000
136617,Anapa,Belgorod,2016-12-27T09:26:00Z,50.0,Sukhoi Superjet-100,97,85,,12,97,765300.00,85,538500.00,,,12,226800.00,1.00000000000000000000,1.00000000000000000000,,1.00000000000000000000
136620,Anapa,Belgorod,2017-02-17T09:30:00Z,49.0,Sukhoi Superjet-100,97,85,,12,79,613500.00,70,443400.00,,,9,170100.00,0.81443298969072164948,0.82352941176470588235,,0.75000000000000000000
136630,Anapa,Belgorod,2017-02-25T09:32:00Z,50.0,Sukhoi Superjet-100,97,85,,12,94,746400.00,82,519600.00,,,12,226800.00,0.96907216494845360825,0.96470588235294117647,,1.00000000000000000000
136631,Anapa,Belgorod,2016-12-22T09:26:00Z,50.0,Sukhoi Superjet-100,97,85,,12,90,721200.00,78,494400.00,,,12,226800.00,0.92783505154639175258,0.91764705882352941176,,1.00000000000000000000
136632,Anapa,Belgorod,2017-01-07T12:42:00Z,51.0,Sukhoi Superjet-100,97,85,,12,91,714300.00,80,506400.00,,,11,207900.00,0.93814432989690721649,0.94117647058823529412,,0.91666666666666666667
136642,Anapa,Belgorod,2017-01-30T09:28:00Z,49.0,Sukhoi Superjet-100,97,85,,12,64,531000.00,54,342000.00,,,10,189000.00,0.65979381443298969072,0.63529411764705882353,,0.83333333333333333333
136645,Anapa,Belgorod,2017-01-05T09:29:00Z,51.0,Sukhoi Superjet-100,97,85,,12,82,633000.00,73,462900.00,,,9,170100.00,0.84536082474226804124,0.85882352941176470588,,0.75000000000000000000
136649,Anapa,Belgorod,2017-01-18T09:25:00Z,50.0,Sukhoi Superjet-100,97,85,,12,96,759000.00,84,532200.00,,,12,226800.00,0.98969072164948453608,0.98823529411764705882,,1.00000000000000000000
136653,Anapa,Belgorod,2016-12-24T09:27:00Z,50.0,Sukhoi Superjet-100,97,85,,12,89,701700.00,78,493800.00,,,11,207900.00,0.91752577319587628866,0.91764705882352941176,,0.91666666666666666667
136654,Anapa,Belgorod,2017-01-19T09:28:00Z,49.0,Sukhoi Superjet-100,97,85,,12,96,759000.00,84,532200.00,,,12,226800.00,0.98969072164948453608,0.98823529411764705882,,1.00000000000000000000
136660,Anapa,Belgorod,2017-02-20T09:26:00Z,49.0,Sukhoi Superjet-100,97,85,,12,87,677100.00,77,488100.00,,,10,189000.00,0.89690721649484536082,0.90588235294117647059,,0.83333333333333333333
136661,Anapa,Belgorod,2017-01-01T09:27:00Z,50.0,Sukhoi Superjet-100,97,85,,12,96,759000.00,84,532200.00,,,12,226800.00,0.98969072164948453608,0.98823529411764705882,,1.00000000000000000000
136666,Anapa,Belgorod,2017-02-09T09:26:00Z,50.0,Sukhoi Superjet-100,97,85,,12,87,664500.00,78,494400.00,,,9,170100.00,0.89690721649484536082,0.91764705882352941176,,0.75000000000000000000
136669,Anapa,Belgorod,2017-01-17T09:26:00Z,51.0,Sukhoi Superjet-100,97,85,,12,95,752700.00,83,525900.00,,,12,226800.00,0.97938144329896907216,0.97647058823529411765,,1.00000000000000000000
136672,Anapa,Belgorod,2017-02-03T09:28:00Z,50.0,Sukhoi Superjet-100,97,85,,12,96,759000.00,84,532200.00,,,12,226800.00,0.98969072164948453608,0.98823529411764705882,,1.00000000000000000000
136678,Anapa,Belgorod,2017-01-28T09:27:00Z,50.0,Sukhoi Superjet-100,97,85,,12,80,631200.00,70,442200.00,,,10,189000.00,0.82474226804123711340,0.82352941176470588235,,0.83333333333333333333
136680,Anapa,Belgorod,2016-12-26T09:34:00Z,50.0,Sukhoi Superjet-100,97,85,,12,92,733800.00,80,507000.00,,,12,226800.00,0.94845360824742268041,0.94117647058823529412,,1.00000000000000000000
136688,Anapa,Belgorod,2016-12-15T09:30:00Z,50.0,Sukhoi Superjet-100,97,85,,12,89,689700.00,79,500700.00,,,10,189000.00,0.91752577319587628866,0.92941176470588235294,,0.83333333333333333333
136691,Anapa,Belgorod,2016-12-13T09:25:00Z,49.0,Sukhoi Superjet-100,97,85,,12,87,689700.00,76,481800.00,,,11,207900.00,0.89690721649484536082,0.89411764705882352941,,0.91666666666666666667
136698,Anapa,Belgorod,2016-12-01T09:30:00Z,49.0,Sukhoi Superjet-100,97,85,,12,94,746400.00,82,519600.00,,,12,226800.00,0.96907216494845360825,0.96470588235294117647,,1.00000000000000000000
136702,Anapa,Belgorod,2016-12-23T09:26:00Z,50.0,Sukhoi Superjet-100,97,85,,12,84,670800.00,73,462900.00,,,11,207900.00,0.86597938144329896907,0.85882352941176470588,,0.91666666666666666667
136706,Anapa,Belgorod,2017-01-06T09:30:00Z,50.0,Sukhoi Superjet-100,97,85,,12,95,740100.00,84,532200.00,,,11,207900.00,0.97938144329896907216,0.98823529411764705882,,0.91666666666666666667
136709,Anapa,Belgorod,2017-01-15T09:28:00Z,50.0,Sukhoi Superjet-100,97,85,,12,87,689700.00,76,481800.00,,,11,207900.00,0.89690721649484536082,0.89411764705882352941,,0.91666666666666666667
136720,Anapa,Belgorod,2017-01-26T09:29:00Z,50.0,Sukhoi Superjet-100,97,85,,12,95,752700.00,83,525900.00,,,12,226800.00,0.97938144329896907216,0.97647058823529411765,,1.00000000000000000000
136725,Anapa,Belgorod,2016-12-19T09:30:00Z,49.0,Sukhoi Superjet-100,97,85,,12,92,696000.00,83,525900.00,,,9,170100.00,0.94845360824742268041,0.97647058823529411765,,0.75000000000000000000
136729,Anapa,Belgorod,2017-01-29T09:29:00Z,50.0,Sukhoi Superjet-100,97,85,,12,88,695400.00,77,487500.00,,,11,207900.00,0.90721649484536082474,0.90588235294117647059,,0.91666666666666666667
136733,Anapa,Belgorod,2017-01-09T09:27:00Z,51.0,Sukhoi Superjet-100,97,85,,12,94,746400.00,82,519600.00,,,12,226800.00,0.96907216494845360825,0.96470588235294117647,,1.00000000000000000000
136738,Anapa,Belgorod,2016-12-20T09:27:00Z,49.0,Sukhoi Superjet-100,97,85,,12,87,689700.00,76,481800.00,,,11,207900.00,0.89690721649484536082,0.89411764705882352941,,0.91666666666666666667
136742,Anapa,Belgorod,2016-12-18T09:27:00Z,50.0,Sukhoi Superjet-100,97,85,,12,97,765300.00,85,538500.00,,,12,226800.00,1.00000000000000000000,1.00000000000000000000,,1.00000000000000000000
136754,Anapa,Belgorod,2017-02-06T09:29:00Z,49.0,Sukhoi Superjet-100,97,85,,12,90,721200.00,78,494400.00,,,12,226800.00,0.92783505154639175258,0.91764705882352941176,,1.00000000000000000000
136755,Anapa,Belgorod,2017-01-21T09:30:00Z,50.0,Sukhoi Superjet-100,97,85,,12,97,765300.00,85,538500.00,,,12,226800.00,1.00000000000000000000,1.00000000000000000000,,1.00000000000000000000
136757,Anapa,Belgorod,2017-01-27T09:30:00Z,49.0,Sukhoi Superjet-100,97,85,,12,97,765300.00,85,538500.00,,,12,226800.00,1.00000000000000000000,1.00000000000000000000,,1.00000000000000000000
136758,Anapa,Belgorod,2017-01-12T09:26:00Z,49.0,Sukhoi Superjet-100,97,85,,12,97,765300.00,85,538500.00,,,12,226800.00,1.00000000000000000000,1.00000000000000000000,,1.00000000000000000000
136767,Anapa,Belgorod,2017-01-23T09:27:00Z,51.0,Sukhoi Superjet-100,97,85,,12,83,651300.00,73,462300.00,,,10,189000.00,0.85567010309278350515,0.85882352941176470588,,0.83333333333333333333
136768,Anapa,Belgorod,2016-12-08T09:27:00Z,50.0,Sukhoi Superjet-100,97,85,,12,97,765300.00,85,538500.00,,,12,226800.00,1.00000000000000000000,1.00000000000000000000,,1.00000000000000000000
136769,Anapa,Belgorod,2017-02-10T09:30:00Z,51.0,Sukhoi Superjet-100,97,85,,12,88,696000.00,77,488100.00,,,11,207900.00,0.90721649484536082474,0.90588235294117647059,,0.91666666666666666667
136771,Anapa,Belgorod,2016-12-17T09:26:00Z,49.0,Sukhoi Superjet-100,97,85,,12,82,657000.00,71,449100.00,,,11,207900.00,0.84536082474226804124,0.83529411764705882353,,0.91666666666666666667
136774,Anapa,Belgorod,2016-12-02T09:27:00Z,50.0,Sukhoi Superjet-100,97,85,,12,93,740100.00,81,513300.00,,,12,226800.00,0.95876288659793814433,0.95294117647058823529,,1.00000000000000000000
136778,Anapa,Belgorod,2017-02-22T09:26:00Z,50.0,Sukhoi Superjet-100,97,85,,12,96,759000.00,84,532200.00,,,12,226800.00,0.98969072164948453608,0.98823529411764705882,,1.00000000000000000000
136780,Anapa,Belgorod,2017-02-24T09:30:00Z,50.0,Sukhoi Superjet-100,97,85,,12,89,714900.00,77,488100.00,,,12,226800.00,0.91752577319587628866,0.90588235294117647059,,1.00000000000000000000
136781,Anapa,Belgorod,2017-01-14T09:26:00Z,50.0,Sukhoi Superjet-100,97,85,,12,97,765300.00,85,538500.00,,,12,226800.00,1.00000000000000000000,1.00000000000000000000,,1.00000000000000000000
136785,Anapa,Belgorod,2016-12-29T09:28:00Z,51.0,Sukhoi Superjet-100,97,85,,12,97,765300.00,85,538500.00,,,12,226800.00,1.00000000000000000000,1.00000000000000000000,,1.00000000000000000000
136793,Anapa,Belgorod,2016-12-06T09:31:00Z,50.0,Sukhoi Superjet-100,97,85,,12,97,765300.00,85,538500.00,,,12,226800.00,1.00000000000000000000,1.00000000000000000000,,1.00000000000000000000
136800,Anapa,Belgorod,2016-12-09T09:27:00Z,51.0,Sukhoi Superjet-100,97,85,,12,82,645000.00,72,456000.00,,,10,189000.00,0.84536082474226804124,0.84705882352941176471,,0.83333333333333333333
136801,Anapa,Belgorod,2016-12-30T09:28:00Z,50.0,Sukhoi Superjet-100,97,85,,12,97,765300.00,85,538500.00,,,12,226800.00,1.00000000000000000000,1.00000000000000000000,,1.00000000000000000000
136802,Anapa,Belgorod,2017-02-26T09:32:00Z,50.0,Sukhoi Superjet-100,97,85,,12,96,746400.00,85,538500.00,,,11,207900.00,0.98969072164948453608,1.00000000000000000000,,0.91666666666666666667
136805,Anapa,Belgorod,2016-12-07T09:28:00Z,50.0,Sukhoi Superjet-100,97,85,,12,96,746400.00,85,538500.00,,,11,207900.00,0.98969072164948453608,1.00000000000000000000,,0.91666666666666666667
136807,Anapa,Belgorod,2017-02-23T09:28:00Z,50.0,Sukhoi Superjet-100,97,85,,12,68,531000.00,60,379800.00,,,8,151200.00,0.70103092783505154639,0.70588235294117647059,,0.66666666666666666667
136815,Anapa,Belgorod,2017-02-19T09:26:00Z,51.0,Sukhoi Superjet-100,97,85,,12,97,765300.00,85,538500.00,,,12,226800.00,1.00000000000000000000,1.00000000000000000000,,1.00000000000000000000
136819,Anapa,Belgorod,2017-01-04T09:29:00Z,50.0,Sukhoi Superjet-100,97,85,,12,96,759000.00,84,532200.00,,,12,226800.00,0.98969072164948453608,0.98823529411764705882,,1.00000000000000000000
136823,Anapa,Belgorod,2017-02-05T09:27:00Z,51.0,Sukhoi Superjet-100,97,85,,12,78,620400.00,68,431400.00,,,10,189000.00,0.80412371134020618557,0.80000000000000000000,,0.83333333333333333333
136827,Anapa,Belgorod,2017-02-18T09:26:00Z,51.0,Sukhoi Superjet-100,97,85,,12,97,765300.00,85,538500.00,,,12,226800.00,1.00000000000000000000,1.00000000000000000000,,1.00000000000000000000
136838,Anapa,Belgorod,2017-01-24T09:30:00Z,51.0,Sukhoi Superjet-100,97,85,,12,86,670200.00,76,481200.00,,,10,189000.00,0.88659793814432989691,0.89411764705882352941,,0.83333333333333333333
136841,Anapa,Belgorod,2017-02-07T09:25:00Z,51.0,Sukhoi Superjet-100,97,85,,12,97,765300.00,85,538500.00,,,12,226800.00,1.00000000000000000000,1.00000000000000000000,,1.00000000000000000000
136843,Anapa,Belgorod,2016-12-04T09:30:00Z,50.0,Sukhoi Superjet-100,97,85,,12,78,632400.00,67,424500.00,,,11,207900.00,0.80412371134020618557,0.78823529411764705882,,0.91666666666666666667
136844,Anapa,Belgorod,2017-02-28T09:26:00Z,50.0,Sukhoi Superjet-100,97,85,,12,79,575100.00,73,461700.00,,,6,113400.00,0.81443298969072164948,0.85882352941176470588,,0.50000000000000000000
136855,Anapa,Belgorod,2017-01-11T12:07:00Z,50.0,Sukhoi Superjet-100,97,85,,12,87,702300.00,75,475500.00,,,12,226800.00,0.89690721649484536082,0.88235294117647058824,,1.00000000000000000000
136857,Anapa,Belgorod,2017-02-13T09:31:00Z,50.0,Sukhoi Superjet-100,97,85,,12,97,765300.00,85,538500.00,,,12,226800.00,1.00000000000000000000,1.00000000000000000000,,1.00000000000000000000
136861,Anapa,Belgorod,2017-02-12T09:28:00Z,49.0,Sukhoi Superjet-100,97,85,,12,87,689100.00,76,481200.00,,,11,207900.00,0.89690721649484536082,0.89411764705882352941,,0.91666666666666666667
136865,Anapa,Belgorod,2016-12-11T09:29:00Z,50.0,Sukhoi Superjet-100,97,85,,12,88,695400.00,77,487500.00,,,11,207900.00,0.90721649484536082474,0.90588235294117647059,,0.91666666666666666667
136866,Anapa,Belgorod,2016-12-28T09:28:00Z,50.0,Sukhoi Superjet-100,97,85,,12,94,733800.00,83,525900.00,,,11,207900.00,0.96907216494845360825,0.97647058823529411765,,0.91666666666666666667
136869,Anapa,Belgorod,2017-01-31T09:26:00Z,50.0,Sukhoi Superjet-100,97,85,,12,97,765300.00,85,538500.00,,,12,226800.00,1.00000000000000000000,1.00000000000000000000,,1.00000000000000000000
136871,Anapa,Belgorod,2017-01-13T09:28:00Z,50.0,Sukhoi Superjet-100,97,85,,12,97,765300.00,85,538500.00,,,12,226800.00,1.00000000000000000000,1.00000000000000000000,,1.00000000000000000000
136872,Anapa,Belgorod,2016-12-14T09:26:00Z,50.0,Sukhoi Superjet-100,97,85,,12,97,765300.00,85,538500.00,,,12,226800.00,1.00000000000000000000,1.00000000000000000000,,1.00000000000000000000
136873,Anapa,Belgorod,2016-12-03T09:26:00Z,51.0,Sukhoi Superjet-100,97,85,,12,96,759000.00,84,532200.00,,,12,226800.00,0.98969072164948453608,0.98823529411764705882,,1.00000000000000000000
136875,Anapa,Belgorod,2017-02-16T09:29:00Z,50.0,Sukhoi Superjet-100,97,85,,12,97,765300.00,85,538500.00,,,12,226800.00,1.00000000000000000000,1.00000000000000000000,,1.00000000000000000000
136886,Anapa,Belgorod,2016-12-16T09:26:00Z,50.0,Sukhoi Superjet-100,97,85,,12,90,721200.00,78,494400.00,,,12,226800.00,0.92783505154639175258,0.91764705882352941176,,1.00000000000000000000
136887,Anapa,Belgorod,2017-01-20T09:30:00Z,49.0,Sukhoi Superjet-100,97,85,,12,78,595200.00,70,444000.00,,,8,151200.00,0.80412371134020618557,0.82352941176470588235,,0.66666666666666666667
136888,Anapa,Belgorod,2017-02-14T09:29:00Z,50.0,Sukhoi Superjet-100,97,85,,12,79,626100.00,69,437100.00,,,10,189000.00,0.81443298969072164948,0.81176470588235294118,,0.83333333333333333333
136900,Anapa,Belgorod,2017-02-01T09:30:00Z,51.0,Sukhoi Superjet-100,97,85,,12,97,765300.00,85,538500.00,,,12,226800.00,1.00000000000000000000,1.00000000000000000000,,1.00000000000000000000
136907,Anapa,Belgorod,2017-01-16T09:31:00Z,51.0,Sukhoi Superjet-100,97,85,,12,96,759000.00,84,532200.00,,,12,226800.00,0.98969072164948453608,0.98823529411764705882,,1.00000000000000000000
136911,Anapa,Belgorod,2016-12-12T13:05:00Z,50.0,Sukhoi Superjet-100,97,85,,12,87,676500.00,77,487500.00,,,10,189000.00,0.89690721649484536082,0.90588235294117647059,,0.83333333333333333333
136913,Anapa,Belgorod,2016-12-10T09:30:00Z,49.0,Sukhoi Superjet-100,97,85,,12,90,695400.00,80,506400.00,,,10,189000.00,0.92783505154639175258,0.94117647058823529412,,0.83333333333333333333
136922,Anapa,Belgorod,2017-02-11T09:27:00Z,50.0,Sukhoi Superjet-100,97,85,,12,76,607800.00,66,418800.00,,,10,189000.00,0.78350515463917525773,0.77647058823529411765,,0.83333333333333333333
136927,Anapa,Belgorod,2017-01-22T09:28:00Z,51.0,Sukhoi Superjet-100,97,85,,12,97,765300.00,85,538500.00,,,12,226800.00,1.00000000000000000000,1.00000000000000000000,,1.00000000000000000000
136929,Anapa,Belgorod,2016-12-31T09:25:00Z,50.0,Sukhoi Superjet-100,97,85,,12,82,631800.00,73,461700.00,,,9,170100.00,0.84536082474226804124,0.85882352941176470588,,0.75000000000000000000
136936,Anapa,Belgorod,2017-01-02T09:28:00Z,50.0,Sukhoi Superjet-100,97,85,,12,82,632400.00,73,462300.00,,,9,170100.00,0.84536082474226804124,0.85882352941176470588,,0.75000000000000000000
136937,Anapa,Belgorod,2017-01-03T09:29:00Z,50.0,Sukhoi Superjet-100,97,85,,12,81,626100.00,72,456000.00,,,9,170100.00,0.83505154639175257732,0.84705882352941176471,,0.75000000000000000000
136943,Anapa,Belgorod,2016-12-05T09:28:00Z,50.0,Sukhoi Superjet-100,97,85,,12,94,733800.00,83,525900.00,,,11,207900.00,0.96907216494845360825,0.97647058823529411765,,0.91666666666666666667
136951,Anapa,Belgorod,2017-02-02T09:28:00Z,49.0,Sukhoi Superjet-100,97,85,,12,90,720600.00,78,493800.00,,,12,226800.00,0.92783505154639175258,0.91764705882352941176,,1.00000000000000000000
136953,Anapa,Belgorod,2017-02-27T09:27:00Z,50.0,Sukhoi Superjet-100,97,85,,12,97,765300.00,85,538500.00,,,12,226800.00,1.00000000000000000000,1.00000000000000000000,,1.00000000000000000000
136956,Anapa,Belgorod,2017-02-04T09:33:00Z,50.0,Sukhoi Superjet-100,97,85,,12,96,746400.00,85,538500.00,,,11,207900.00,0.98969072164948453608,1.00000000000000000000,,0.91666666666666666667
136961,Anapa,Belgorod,2016-12-21T09:27:00Z,49.0,Sukhoi Superjet-100,97,85,,12,96,759000.00,84,532200.00,,,12,226800.00,0.98969072164948453608,0.98823529411764705882,,1.00000000000000000000
